group,function,value,throughput_num,throughput_type,sample_measured_value,unit,iteration_count
reachability/hydroflow,,,,,51856707.0,ns,20
reachability/hydroflow,,,,,51894407.0,ns,20
reachability/hydroflow,,,,,51964208.0,ns,20
reachability/hydroflow,,,,,51868307.0,ns,20
reachability/hydroflow,,,,,51862407.0,ns,20
reachability/hydroflow,,,,,51857407.0,ns,20
reachability/hydroflow,,,,,51832306.0,ns,20
reachability/hydroflow,,,,,51896708.0,ns,20
reachability/hydroflow,,,,,51836706.0,ns,20
reachability/hydroflow,,,,,51837107.0,ns,20
reachability/hydroflow,,,,,51879507.0,ns,20
reachability/hydroflow,,,,,51910408.0,ns,20
reachability/hydroflow,,,,,51866307.0,ns,20
reachability/hydroflow,,,,,51890107.0,ns,20
reachability/hydroflow,,,,,51855807.0,ns,20
reachability/hydroflow,,,,,51876207.0,ns,20
reachability/hydroflow,,,,,51882607.0,ns,20
reachability/hydroflow,,,,,51820006.0,ns,20
reachability/hydroflow,,,,,51945209.0,ns,20
reachability/hydroflow,,,,,51868107.0,ns,20
reachability/hydroflow,,,,,51849306.0,ns,20
reachability/hydroflow,,,,,51973709.0,ns,20
reachability/hydroflow,,,,,51894507.0,ns,20
reachability/hydroflow,,,,,51882408.0,ns,20
reachability/hydroflow,,,,,51844706.0,ns,20
reachability/hydroflow,,,,,51913808.0,ns,20
reachability/hydroflow,,,,,51848207.0,ns,20
reachability/hydroflow,,,,,51871407.0,ns,20
reachability/hydroflow,,,,,51919407.0,ns,20
reachability/hydroflow,,,,,51867307.0,ns,20
reachability/hydroflow,,,,,51896908.0,ns,20
reachability/hydroflow,,,,,51844707.0,ns,20
reachability/hydroflow,,,,,51847006.0,ns,20
reachability/hydroflow,,,,,51849207.0,ns,20
reachability/hydroflow,,,,,51863807.0,ns,20
reachability/hydroflow,,,,,51872507.0,ns,20
reachability/hydroflow,,,,,51871907.0,ns,20
reachability/hydroflow,,,,,51868507.0,ns,20
reachability/hydroflow,,,,,51846007.0,ns,20
reachability/hydroflow,,,,,51852506.0,ns,20
reachability/hydroflow,,,,,51968009.0,ns,20
reachability/hydroflow,,,,,51847407.0,ns,20
reachability/hydroflow,,,,,51841906.0,ns,20
reachability/hydroflow,,,,,51857807.0,ns,20
reachability/hydroflow,,,,,51842307.0,ns,20
reachability/hydroflow,,,,,51887307.0,ns,20
reachability/hydroflow,,,,,51871707.0,ns,20
reachability/hydroflow,,,,,51826406.0,ns,20
reachability/hydroflow,,,,,51857207.0,ns,20
reachability/hydroflow,,,,,51950709.0,ns,20
reachability/hydroflow,,,,,51869007.0,ns,20
reachability/hydroflow,,,,,51866707.0,ns,20
reachability/hydroflow,,,,,51851406.0,ns,20
reachability/hydroflow,,,,,51837307.0,ns,20
reachability/hydroflow,,,,,51901907.0,ns,20
reachability/hydroflow,,,,,51845407.0,ns,20
reachability/hydroflow,,,,,51896607.0,ns,20
reachability/hydroflow,,,,,51888608.0,ns,20
reachability/hydroflow,,,,,51887407.0,ns,20
reachability/hydroflow,,,,,51956908.0,ns,20
reachability/hydroflow,,,,,52196213.0,ns,20
reachability/hydroflow,,,,,51950808.0,ns,20
reachability/hydroflow,,,,,51902407.0,ns,20
reachability/hydroflow,,,,,51862707.0,ns,20
reachability/hydroflow,,,,,51900008.0,ns,20
reachability/hydroflow,,,,,51903307.0,ns,20
reachability/hydroflow,,,,,51926908.0,ns,20
reachability/hydroflow,,,,,51897408.0,ns,20
reachability/hydroflow,,,,,51881707.0,ns,20
reachability/hydroflow,,,,,51851707.0,ns,20
reachability/hydroflow,,,,,51872807.0,ns,20
reachability/hydroflow,,,,,51895007.0,ns,20
reachability/hydroflow,,,,,51891908.0,ns,20
reachability/hydroflow,,,,,51865107.0,ns,20
reachability/hydroflow,,,,,51874707.0,ns,20
reachability/hydroflow,,,,,51892907.0,ns,20
reachability/hydroflow,,,,,51870107.0,ns,20
reachability/hydroflow,,,,,51924108.0,ns,20
reachability/hydroflow,,,,,51847907.0,ns,20
reachability/hydroflow,,,,,51991309.0,ns,20
reachability/hydroflow,,,,,51953408.0,ns,20
reachability/hydroflow,,,,,51873307.0,ns,20
reachability/hydroflow,,,,,51907208.0,ns,20
reachability/hydroflow,,,,,51867607.0,ns,20
reachability/hydroflow,,,,,51889707.0,ns,20
reachability/hydroflow,,,,,51910608.0,ns,20
reachability/hydroflow,,,,,51919607.0,ns,20
reachability/hydroflow,,,,,51879308.0,ns,20
reachability/hydroflow,,,,,51832606.0,ns,20
reachability/hydroflow,,,,,51867307.0,ns,20
reachability/hydroflow,,,,,51827649.0,ns,20
reachability/hydroflow,,,,,51902942.0,ns,20
reachability/hydroflow,,,,,51847142.0,ns,20
reachability/hydroflow,,,,,51828341.0,ns,20
reachability/hydroflow,,,,,51827541.0,ns,20
reachability/hydroflow,,,,,51819941.0,ns,20
reachability/hydroflow,,,,,51810941.0,ns,20
reachability/hydroflow,,,,,51873142.0,ns,20
reachability/hydroflow,,,,,51961543.0,ns,20
reachability/hydroflow,,,,,51982543.0,ns,20
